Category,Descript,DayOfWeek,PdDistrict,Resolution,Address,X,Y,PARK,Sunday
ASSAULT,"AGGRAVATED ASSAULT OF POLICE OFFICER,BODILY FORCE",Wednesday,BAYVIEW,"ARREST, BOOKED",3RD ST / 23RD ST,-122.3880041,37.75538983,BAYVIEW,Monday
ASSAULT,"AGGRAVATED ASSAULT OF POLICE OFFICER,BODILY FORCE",Sunday,MISSION,"ARREST, BOOKED",SOUTH VAN NESS AV / 14TH ST,-122.4178034,37.76840431,MISSION,Tuesday
ASSAULT,"AGGRAVATED ASSAULT OF POLICE OFFICER,BODILY FORCE",Wednesday,MISSION,"ARREST, BOOKED",CAPP ST / 16TH ST,-122.418701,37.76510988,RICHMOND,Wednesday
ASSAULT,"AGGRAVATED ASSAULT OF POLICE OFFICER,BODILY FORCE",Sunday,RICHMOND,"ARREST, BOOKED",2600 Block of SACRAMENTO ST,-122.4365226,37.7895777,CENTRAL,Thursday
ASSAULT,"AGGRAVATED ASSAULT OF POLICE OFFICER,BODILY FORCE",Wednesday,MISSION,"ARREST, BOOKED",2900 Block of 16TH ST,-122.419213,37.76513397,SOUTHERN,Friday
ASSAULT,"AGGRAVATED ASSAULT OF POLICE OFFICER,BODILY FORCE",Tuesday,BAYVIEW,NONE,0 Block of NICHOLS WY,-122.3872348,37.71940083,NORTHERN,Saturday
ASSAULT,"AGGRAVATED ASSAULT OF POLICE OFFICER,BODILY FORCE",Saturday,CENTRAL,"ARREST, BOOKED",400 Block of BROADWAY ST,-122.4050655,37.79801347,TENDERLOIN,
ASSAULT,"AGGRAVATED ASSAULT OF POLICE OFFICER,BODILY FORCE",Wednesday,SOUTHERN,NONE,3RD ST / BRYANT ST,-122.3958483,37.78132105,INGLESIDE,
ASSAULT,"AGGRAVATED ASSAULT OF POLICE OFFICER,BODILY FORCE",Thursday,NORTHERN,"ARREST, BOOKED",900 Block of LARKIN ST,-122.4180651,37.78634192,TARAVAL,
ASSAULT,"AGGRAVATED ASSAULT OF POLICE OFFICER,BODILY FORCE",Wednesday,SOUTHERN,"ARREST, BOOKED",1500 Block of MISSION ST,-122.4175234,37.77386703,,
ASSAULT,"AGGRAVATED ASSAULT OF POLICE OFFICER,BODILY FORCE",Tuesday,NORTHERN,"ARREST, BOOKED",2500 Block of LOMBARD ST,-122.4435204,37.79899931,,
ASSAULT,"AGGRAVATED ASSAULT OF POLICE OFFICER,BODILY FORCE",Thursday,TENDERLOIN,NONE,100 Block of TAYLOR ST,-122.4109284,37.78367787,,
ASSAULT,"AGGRAVATED ASSAULT OF POLICE OFFICER,BODILY FORCE",Thursday,CENTRAL,"ARREST, BOOKED",700 Block of KEARNY ST,-122.4049044,37.79464788,,
ASSAULT,"AGGRAVATED ASSAULT OF POLICE OFFICER,BODILY FORCE",Sunday,CENTRAL,"ARREST, BOOKED",100 Block of JEFFERSON ST,-122.41501,37.80836982,,
ASSAULT,"AGGRAVATED ASSAULT OF POLICE OFFICER,BODILY FORCE",Sunday,SOUTHERN,NONE,1000 Block of MARKET ST,-122.4110714,37.78175113,,
ASSAULT,"AGGRAVATED ASSAULT OF POLICE OFFICER,BODILY FORCE",Thursday,INGLESIDE,"ARREST, BOOKED",MISSION ST / 30TH ST,-122.4219709,37.74237522,,
ASSAULT,"AGGRAVATED ASSAULT OF POLICE OFFICER,BODILY FORCE",Wednesday,MISSION,"ARREST, BOOKED",0 Block of WOODWARD ST,-122.4207871,37.76905952,,
ASSAULT,"AGGRAVATED ASSAULT OF POLICE OFFICER,BODILY FORCE",Tuesday,SOUTHERN,"ARREST, BOOKED",1200 Block of MARKET ST,-122.4154488,37.77829352,,
ASSAULT,"AGGRAVATED ASSAULT OF POLICE OFFICER,BODILY FORCE",Monday,SOUTHERN,"ARREST, BOOKED",0 Block of 6TH ST,-122.4090112,37.78113406,,
ASSAULT,"AGGRAVATED ASSAULT OF POLICE OFFICER,BODILY FORCE",Saturday,TENDERLOIN,"ARREST, BOOKED",400 Block of ELLIS ST,-122.4136313,37.78480537,,
ASSAULT,"AGGRAVATED ASSAULT OF POLICE OFFICER,BODILY FORCE",Monday,BAYVIEW,"ARREST, BOOKED",0 Block of SANTAFE AV,-122.4008502,37.73408394,,
ASSAULT,"AGGRAVATED ASSAULT OF POLICE OFFICER,BODILY FORCE",Friday,RICHMOND,"ARREST, BOOKED",6100 Block of CALIFORNIA ST,-122.4834173,37.78400944,,
ASSAULT,"AGGRAVATED ASSAULT OF POLICE OFFICER,BODILY FORCE",Thursday,CENTRAL,"ARREST, BOOKED",900 Block of HYDE ST,-122.4170443,37.78959528,,
ASSAULT,"AGGRAVATED ASSAULT OF POLICE OFFICER,BODILY FORCE",Tuesday,BAYVIEW,"ARREST, BOOKED",3RD ST / 20TH ST,-122.3885594,37.76049292,,
ASSAULT,"AGGRAVATED ASSAULT OF POLICE OFFICER,BODILY FORCE",Monday,TENDERLOIN,"ARREST, BOOKED",0 Block of TURK ST,-122.4098537,37.78338624,,
ASSAULT,"AGGRAVATED ASSAULT OF POLICE OFFICER,BODILY FORCE",Thursday,TENDERLOIN,"ARREST, CITED",500 Block of JONES ST,-122.4129991,37.78627746,,
ASSAULT,"AGGRAVATED ASSAULT OF POLICE OFFICER,BODILY FORCE",Friday,SOUTHERN,"ARREST, BOOKED",800 Block of BRYANT ST,-122.4034048,37.77542071,,
ASSAULT,"AGGRAVATED ASSAULT OF POLICE OFFICER,BODILY FORCE",Friday,RICHMOND,"ARREST, BOOKED",JOHNFKENNEDY DR / 30TH AV,-122.4898047,37.77089178,,
ASSAULT,"AGGRAVATED ASSAULT OF POLICE OFFICER,BODILY FORCE",Wednesday,TARAVAL,"ARREST, BOOKED",100 Block of APTOS AV,-122.466758,37.72918458,,
ASSAULT,"AGGRAVATED ASSAULT OF POLICE OFFICER,BODILY FORCE",Tuesday,PARK,"ARREST, BOOKED",1800 Block of PAGE ST,-122.4512364,37.7703598,,
ASSAULT,"AGGRAVATED ASSAULT OF POLICE OFFICER,BODILY FORCE",Sunday,NORTHERN,"ARREST, BOOKED",1100 Block of FILLMORE ST,-122.4321162,37.78003044,,
ASSAULT,"AGGRAVATED ASSAULT OF POLICE OFFICER,BODILY FORCE",Monday,INGLESIDE,"ARREST, BOOKED",MISSION ST / ONONDAGA AV,-122.4374615,37.72116508,,
ASSAULT,"AGGRAVATED ASSAULT OF POLICE OFFICER,BODILY FORCE",Monday,MISSION,"ARREST, BOOKED",1200 Block of GUERRERO ST,-122.4226841,37.7511638,,
ASSAULT,"AGGRAVATED ASSAULT OF POLICE OFFICER,BODILY FORCE",Sunday,BAYVIEW,"ARREST, BOOKED",1400 Block of PALOU AV,-122.3880785,37.73244304,,
ASSAULT,"AGGRAVATED ASSAULT OF POLICE OFFICER,BODILY FORCE",Sunday,BAYVIEW,"ARREST, BOOKED",0 Block of OSCEOLA LN,-122.3830851,37.73175234,,
ASSAULT,"AGGRAVATED ASSAULT OF POLICE OFFICER,BODILY FORCE",Friday,CENTRAL,"ARREST, BOOKED",500 Block of STOCKTON ST,-122.4072335,37.79052236,,
ASSAULT,"AGGRAVATED ASSAULT OF POLICE OFFICER,BODILY FORCE",Friday,CENTRAL,"ARREST, BOOKED",UNION ST / MASON ST,-122.4124755,37.80003086,,
ASSAULT,"AGGRAVATED ASSAULT OF POLICE OFFICER,BODILY FORCE",Wednesday,BAYVIEW,"ARREST, CITED",600 Block of JAMESTOWN AV,-122.3878337,37.71310723,,
ASSAULT,"AGGRAVATED ASSAULT OF POLICE OFFICER,BODILY FORCE",Tuesday,TENDERLOIN,"ARREST, BOOKED",LEAVENWORTH ST / GOLDEN GATE AV,-122.4138696,37.78186219,,
ASSAULT,"AGGRAVATED ASSAULT OF POLICE OFFICER,BODILY FORCE",Sunday,MISSION,NONE,1000 Block of POTRERO AV,-122.4065391,37.75648641,,
ASSAULT,"AGGRAVATED ASSAULT OF POLICE OFFICER,BODILY FORCE",Wednesday,CENTRAL,"ARREST, BOOKED",LEAVENWORTH ST / CALIFORNIA ST,-122.4157547,37.79120677,,
ASSAULT,"AGGRAVATED ASSAULT OF POLICE OFFICER,BODILY FORCE",Sunday,TENDERLOIN,"ARREST, BOOKED",100 Block of POWELL ST,-122.4080145,37.78595078,,
ASSAULT,"AGGRAVATED ASSAULT OF POLICE OFFICER,BODILY FORCE",Saturday,PARK,"ARREST, BOOKED",1800 Block of EDDY ST,-122.4380984,37.78063886,,
ASSAULT,"AGGRAVATED ASSAULT OF POLICE OFFICER,BODILY FORCE",Tuesday,RICHMOND,"ARREST, BOOKED",5400 Block of GEARY BL,-122.4777721,37.78028491,,
ASSAULT,"AGGRAVATED ASSAULT OF POLICE OFFICER,BODILY FORCE",Sunday,TENDERLOIN,"ARREST, BOOKED",300 Block of OFARRELL ST,-122.4105093,37.78604322,,
ASSAULT,"AGGRAVATED ASSAULT OF POLICE OFFICER,BODILY FORCE",Saturday,TARAVAL,"ARREST, BOOKED",0 Block of CAMBON DR,-122.4744446,37.7183022,,
ASSAULT,AGGRAVATED ASSAULT ON POLICE OFFICER WITH A KNIFE,Sunday,BAYVIEW,"ARREST, BOOKED",1300 Block of REVERE AV,-122.3855455,37.72897973,,
ASSAULT,AGGRAVATED ASSAULT ON POLICE OFFICER WITH A KNIFE,Tuesday,CENTRAL,"ARREST, BOOKED",300 Block of GRANT AV,-122.4054808,37.79033129,,
ASSAULT,AGGRAVATED ASSAULT ON POLICE OFFICER WITH A KNIFE,Friday,SOUTHERN,"ARREST, BOOKED",13TH ST / HARRISON ST,-122.4133885,37.76950065,,
ASSAULT,AGGRAVATED ASSAULT ON POLICE OFFICER WITH A KNIFE,Friday,NORTHERN,"ARREST, BOOKED",3300 Block of FILLMORE ST,-122.436216,37.80033242,,
ASSAULT,AGGRAVATED ASSAULT ON POLICE OFFICER WITH A KNIFE,Sunday,MISSION,NONE,600 Block of VALENCIA ST,-122.4216442,37.76311246,,
ASSAULT,AGGRAVATED ASSAULT WITH A DEADLY WEAPON,Wednesday,CENTRAL,JUVENILE BOOKED,300 Block of BAY ST,-122.4128038,37.80577399,,
ASSAULT,AGGRAVATED ASSAULT WITH A DEADLY WEAPON,Wednesday,MISSION,NONE,23RD ST / UTAH ST,-122.4054558,37.75433708,,
ASSAULT,AGGRAVATED ASSAULT WITH A DEADLY WEAPON,Wednesday,NORTHERN,"ARREST, BOOKED",GROVE ST / GOUGH ST,-122.4231684,37.77781574,,
ASSAULT,AGGRAVATED ASSAULT WITH A DEADLY WEAPON,Wednesday,RICHMOND,NONE,300 Block of 11TH AV,-122.4697662,37.78171356,,
ASSAULT,AGGRAVATED ASSAULT WITH A DEADLY WEAPON,Tuesday,CENTRAL,NONE,700 Block of GEARY ST,-122.4156546,37.78646724,,
ASSAULT,AGGRAVATED ASSAULT WITH A DEADLY WEAPON,Tuesday,INGLESIDE,NONE,0 Block of SGTJOHNVYOUNG LN,-122.4447071,37.72493073,,
ASSAULT,AGGRAVATED ASSAULT WITH A DEADLY WEAPON,Tuesday,INGLESIDE,"ARREST, BOOKED",3100 Block of MISSION ST,-122.4186097,37.74744531,,
ASSAULT,AGGRAVATED ASSAULT WITH A DEADLY WEAPON,Monday,INGLESIDE,NONE,500 Block of ALEMANY BL,-122.4213053,37.73216388,,
ASSAULT,AGGRAVATED ASSAULT WITH A DEADLY WEAPON,Monday,SOUTHERN,"ARREST, BOOKED",1500 Block of MISSION ST,-122.4179754,37.77375094,,
ASSAULT,AGGRAVATED ASSAULT WITH A DEADLY WEAPON,Monday,NORTHERN,NONE,500 Block of POLK ST,-122.4190171,37.78193603,,
ASSAULT,AGGRAVATED ASSAULT WITH A DEADLY WEAPON,Monday,TARAVAL,NONE,HIGUERA AV / VIDAL DR,-122.4847802,37.71844893,,
ASSAULT,AGGRAVATED ASSAULT WITH A DEADLY WEAPON,Sunday,SOUTHERN,"ARREST, BOOKED",300 Block of 4TH ST,-122.3998338,37.78104322,,
ASSAULT,AGGRAVATED ASSAULT WITH A DEADLY WEAPON,Sunday,TARAVAL,NONE,100 Block of CAINE AV,-122.4518719,37.71579411,,
ASSAULT,AGGRAVATED ASSAULT WITH A DEADLY WEAPON,Sunday,TARAVAL,"ARREST, BOOKED",2200 Block of 37TH AV,-122.4952422,37.74497721,,
ASSAULT,AGGRAVATED ASSAULT WITH A DEADLY WEAPON,Sunday,MISSION,NONE,3500 Block of 19TH ST,-122.4218676,37.76012965,,
ASSAULT,AGGRAVATED ASSAULT WITH A DEADLY WEAPON,Saturday,SOUTHERN,NONE,MISSION ST / 6TH ST,-122.4087106,37.78097067,,
ASSAULT,AGGRAVATED ASSAULT WITH A DEADLY WEAPON,Saturday,CENTRAL,"ARREST, BOOKED",300 Block of JEFFERSON ST,-122.4182707,37.80785198,,
ASSAULT,AGGRAVATED ASSAULT WITH A DEADLY WEAPON,Saturday,TARAVAL,"ARREST, BOOKED",3900 Block of 19TH AV,-122.4720076,37.71667311,,
ASSAULT,AGGRAVATED ASSAULT WITH A DEADLY WEAPON,Saturday,MISSION,NONE,22ND ST / MISSION ST,-122.4187487,37.75543719,,
ASSAULT,AGGRAVATED ASSAULT WITH A DEADLY WEAPON,Friday,PARK,NONE,1700 Block of HAIGHT ST,-122.4512881,37.76939671,,
ASSAULT,AGGRAVATED ASSAULT WITH A DEADLY WEAPON,Friday,SOUTHERN,NONE,3RD ST / MARKET ST,-122.4034341,37.78764305,,
ASSAULT,AGGRAVATED ASSAULT WITH A DEADLY WEAPON,Thursday,MISSION,"ARREST, BOOKED",2100 Block of MISSION ST,-122.419529,37.76287767,,
ASSAULT,AGGRAVATED ASSAULT WITH A DEADLY WEAPON,Wednesday,MISSION,NONE,3000 Block of 16TH ST,-122.4210829,37.76491084,,
ASSAULT,AGGRAVATED ASSAULT WITH A DEADLY WEAPON,Tuesday,CENTRAL,NONE,100 Block of QUINCY ST,-122.4054897,37.79202763,,
ASSAULT,AGGRAVATED ASSAULT WITH A DEADLY WEAPON,Tuesday,NORTHERN,NONE,AUSTIN ST / VANNESS AV,-122.4220481,37.78895627,,
ASSAULT,AGGRAVATED ASSAULT WITH A DEADLY WEAPON,Tuesday,MISSION,"ARREST, BOOKED",500 Block of SOUTH VAN NESS AV,-122.417339,37.76436607,,
ASSAULT,AGGRAVATED ASSAULT WITH A DEADLY WEAPON,Tuesday,TENDERLOIN,NONE,200 Block of POWELL ST,-122.4082017,37.78688491,,
ASSAULT,AGGRAVATED ASSAULT WITH A DEADLY WEAPON,Monday,INGLESIDE,NONE,3300 Block of MISSION ST,-122.4212643,37.74358477,,
ASSAULT,AGGRAVATED ASSAULT WITH A DEADLY WEAPON,Monday,MISSION,NONE,3000 Block of 16TH ST,-122.4213053,37.76489741,,
ASSAULT,AGGRAVATED ASSAULT WITH A DEADLY WEAPON,Monday,SOUTHERN,NONE,100 Block of SPEAR ST,-122.3933265,37.79187362,,
ASSAULT,AGGRAVATED ASSAULT WITH A DEADLY WEAPON,Monday,PARK,NONE,700 Block of STANYAN ST,-122.4535129,37.76869698,,
ASSAULT,AGGRAVATED ASSAULT WITH A DEADLY WEAPON,Monday,PARK,NONE,700 Block of STANYAN ST,-122.4533763,37.76871427,,
ASSAULT,AGGRAVATED ASSAULT WITH A DEADLY WEAPON,Sunday,NORTHERN,"ARREST, BOOKED",1600 Block of SACRAMENTO ST,-122.4200524,37.79154369,,
ASSAULT,AGGRAVATED ASSAULT WITH A DEADLY WEAPON,Sunday,CENTRAL,"ARREST, BOOKED",NORTHPOINT ST / TAYLOR ST,-122.4154355,37.80634189,,
ASSAULT,AGGRAVATED ASSAULT WITH A DEADLY WEAPON,Sunday,SOUTHERN,NONE,100 Block of TOWNSEND ST,-122.3915888,37.77969101,,
ASSAULT,AGGRAVATED ASSAULT WITH A DEADLY WEAPON,Saturday,MISSION,"ARREST, BOOKED",16TH ST / CALEDONIA ST,-122.4213819,37.76494809,,
ASSAULT,AGGRAVATED ASSAULT WITH A DEADLY WEAPON,Saturday,SOUTHERN,"ARREST, BOOKED",500 Block of 5TH ST,-122.3999811,37.77762424,,
ASSAULT,AGGRAVATED ASSAULT WITH A DEADLY WEAPON,Saturday,TENDERLOIN,NONE,400 Block of JONES ST,-122.4128571,37.78558044,,
ASSAULT,AGGRAVATED ASSAULT WITH A DEADLY WEAPON,Saturday,NORTHERN,NONE,EDDY ST / POLK ST,-122.4191831,37.78309982,,
ASSAULT,AGGRAVATED ASSAULT WITH A DEADLY WEAPON,Friday,MISSION,"ARREST, BOOKED",1100 Block of VALENCIA ST,-122.4208177,37.75448782,,
ASSAULT,AGGRAVATED ASSAULT WITH A DEADLY WEAPON,Friday,MISSION,NONE,1000 Block of CHURCH ST,-122.4275889,37.75408299,,
ASSAULT,AGGRAVATED ASSAULT WITH A DEADLY WEAPON,Friday,MISSION,NONE,24TH ST / POPLAR ST,-122.4211424,37.75207441,,
ASSAULT,AGGRAVATED ASSAULT WITH A DEADLY WEAPON,Friday,BAYVIEW,NONE,300 Block of WILLIAMS AV,-122.3994437,37.73017602,,
ASSAULT,AGGRAVATED ASSAULT WITH A DEADLY WEAPON,Friday,MISSION,NONE,16TH ST / POTRERO AV,-122.4075383,37.76578275,,
ASSAULT,AGGRAVATED ASSAULT WITH A DEADLY WEAPON,Friday,BAYVIEW,NONE,1700 Block of EGBERT AV,-122.3982975,37.72661212,,
ASSAULT,AGGRAVATED ASSAULT WITH A DEADLY WEAPON,Thursday,MISSION,"ARREST, BOOKED",2100 Block of MISSION ST,-122.4195616,37.76321611,,
ASSAULT,AGGRAVATED ASSAULT WITH A DEADLY WEAPON,Thursday,NORTHERN,"ARREST, BOOKED",1000 Block of POLK ST,-122.4198583,37.78613713,,
ASSAULT,AGGRAVATED ASSAULT WITH A DEADLY WEAPON,Wednesday,MISSION,"ARREST, BOOKED",MISSION ST / 24TH ST,-122.4184482,37.75223917,,
ASSAULT,AGGRAVATED ASSAULT WITH A DEADLY WEAPON,Tuesday,TENDERLOIN,NONE,600 Block of OFARRELL ST,-122.4148505,37.78560876,,
ASSAULT,AGGRAVATED ASSAULT WITH A DEADLY WEAPON,Tuesday,INGLESIDE,NONE,1900 Block of SUNNYDALE AV,-122.417108,37.71225618,,
ASSAULT,AGGRAVATED ASSAULT WITH A DEADLY WEAPON,Monday,TENDERLOIN,"ARREST, BOOKED",200 Block of LEAVENWORTH ST,-122.4140811,37.78327673,,
ASSAULT,AGGRAVATED ASSAULT WITH A DEADLY WEAPON,Monday,SOUTHERN,NONE,900 Block of MISSION ST,-122.4080525,37.78156683,,
ASSAULT,AGGRAVATED ASSAULT WITH A DEADLY WEAPON,Monday,TENDERLOIN,NONE,0 Block of UNITEDNATIONS PZ,-122.4143179,37.77994441,,
ASSAULT,AGGRAVATED ASSAULT WITH A DEADLY WEAPON,Monday,INGLESIDE,NONE,1800 Block of ALEMANY BL,-122.4374502,37.72330867,,
ASSAULT,AGGRAVATED ASSAULT WITH A DEADLY WEAPON,Monday,NORTHERN,"ARREST, BOOKED",900 Block of GEARY ST,-122.4189401,37.78604922,,
ASSAULT,AGGRAVATED ASSAULT WITH A DEADLY WEAPON,Monday,MISSION,NONE,3000 Block of 21ST ST,-122.4161781,37.7572543,,
ASSAULT,AGGRAVATED ASSAULT WITH A DEADLY WEAPON,Sunday,MISSION,NONE,400 Block of SAN BRUNO AV,-122.4054688,37.76392592,,
ASSAULT,AGGRAVATED ASSAULT WITH A DEADLY WEAPON,Sunday,BAYVIEW,NONE,100 Block of GAVEN ST,-122.408665,37.73341924,,
ASSAULT,AGGRAVATED ASSAULT WITH A DEADLY WEAPON,Sunday,PARK,NONE,STANYAN ST / HAIGHT ST,-122.4535346,37.7691663,,
ASSAULT,AGGRAVATED ASSAULT WITH A DEADLY WEAPON,Sunday,TARAVAL,"ARREST, BOOKED",300 Block of BRIGHT ST,-122.4634625,37.71705029,,
ASSAULT,AGGRAVATED ASSAULT WITH A DEADLY WEAPON,Sunday,NORTHERN,"ARREST, BOOKED",3600 Block of LYON ST,-122.4482784,37.80427189,,
ASSAULT,AGGRAVATED ASSAULT WITH A DEADLY WEAPON,Sunday,RICHMOND,"ARREST, BOOKED",1500 Block of LAKE ST,-122.4760541,37.78620918,,
ASSAULT,AGGRAVATED ASSAULT WITH A DEADLY WEAPON,Saturday,MISSION,NONE,3100 Block of 16TH ST,-122.4236225,37.76475739,,
ASSAULT,AGGRAVATED ASSAULT WITH A DEADLY WEAPON,Saturday,SOUTHERN,NONE,0 Block of MINNA ST,-122.3987082,37.78808967,,
ASSAULT,AGGRAVATED ASSAULT WITH A DEADLY WEAPON,Friday,SOUTHERN,NONE,0 Block of 6TH ST,-122.4090112,37.78113406,,
ASSAULT,AGGRAVATED ASSAULT WITH A DEADLY WEAPON,Friday,SOUTHERN,NONE,600 Block of MARKET ST,-122.401655,37.78890489,,
ASSAULT,AGGRAVATED ASSAULT WITH A DEADLY WEAPON,Friday,MISSION,"ARREST, BOOKED",4700 Block of 18TH ST,-122.4439466,37.75994462,,
ASSAULT,AGGRAVATED ASSAULT WITH A DEADLY WEAPON,Friday,BAYVIEW,NONE,JAMESTOWN AV / SALINAS AV,-122.3982309,37.72112254,,
ASSAULT,AGGRAVATED ASSAULT WITH A DEADLY WEAPON,Friday,INGLESIDE,NONE,1200 Block of PLYMOUTH AV,-122.4564994,37.72469467,,
ASSAULT,AGGRAVATED ASSAULT WITH A DEADLY WEAPON,Friday,MISSION,"ARREST, BOOKED",500 Block of SOUTH VAN NESS AV,-122.417477,37.76435775,,
ASSAULT,AGGRAVATED ASSAULT WITH A DEADLY WEAPON,Friday,NORTHERN,"ARREST, BOOKED",900 Block of LARKIN ST,-122.4181565,37.78681037,,
ASSAULT,AGGRAVATED ASSAULT WITH A DEADLY WEAPON,Friday,CENTRAL,NONE,400 Block of GEARY ST,-122.4107216,37.78709665,,
ASSAULT,AGGRAVATED ASSAULT WITH A DEADLY WEAPON,Friday,PARK,NONE,STANYAN ST / HAIGHT ST,-122.4535346,37.7691663,,
ASSAULT,AGGRAVATED ASSAULT WITH A DEADLY WEAPON,Friday,PARK,NONE,BUENAVISTAWEST AV / WALLER ST,-122.4427648,37.76966019,,
ASSAULT,AGGRAVATED ASSAULT WITH A DEADLY WEAPON,Thursday,MISSION,NONE,16TH ST / MISSION ST,-122.4196718,37.76505012,,
ASSAULT,AGGRAVATED ASSAULT WITH A DEADLY WEAPON,Wednesday,NORTHERN,"ARREST, BOOKED",800 Block of LARKIN ST,-122.4181105,37.78586277,,
ASSAULT,AGGRAVATED ASSAULT WITH A DEADLY WEAPON,Wednesday,BAYVIEW,"ARREST, BOOKED",PHELPS ST / BANCROFT AV,-122.4002762,37.72983853,,
ASSAULT,AGGRAVATED ASSAULT WITH A DEADLY WEAPON,Wednesday,NORTHERN,NONE,EDDY ST / POLK ST,-122.4191831,37.78309982,,
ASSAULT,AGGRAVATED ASSAULT WITH A DEADLY WEAPON,Tuesday,RICHMOND,NONE,500 Block of POINTLOBOS AV,-122.5089043,37.77983151,,
ASSAULT,AGGRAVATED ASSAULT WITH A DEADLY WEAPON,Monday,NORTHERN,NONE,GOLDEN GATE AV / WEBSTER ST,-122.4302346,37.77978243,,
ASSAULT,AGGRAVATED ASSAULT WITH A DEADLY WEAPON,Monday,CENTRAL,NONE,700 Block of VALLEJO ST,-122.4097917,37.79850835,,
ASSAULT,AGGRAVATED ASSAULT WITH A DEADLY WEAPON,Monday,INGLESIDE,"ARREST, BOOKED",0 Block of LELAND AV,-122.4052482,37.71172271,,
ASSAULT,AGGRAVATED ASSAULT WITH A DEADLY WEAPON,Sunday,SOUTHERN,NONE,400 Block of 6TH ST,-122.4036714,37.77703244,,
ASSAULT,AGGRAVATED ASSAULT WITH A DEADLY WEAPON,Sunday,SOUTHERN,NONE,5TH ST / MARKET ST,-122.4080683,37.78399168,,
ASSAULT,AGGRAVATED ASSAULT WITH A DEADLY WEAPON,Sunday,MISSION,"ARREST, BOOKED",1000 Block of VALENCIA ST,-122.4210716,37.75569414,,
ASSAULT,AGGRAVATED ASSAULT WITH A DEADLY WEAPON,Sunday,MISSION,NONE,2000 Block of MISSION ST,-122.4196583,37.76422056,,
ASSAULT,AGGRAVATED ASSAULT WITH A DEADLY WEAPON,Sunday,MISSION,"ARREST, BOOKED",200 Block of VALENCIA ST,-122.4221586,37.76844039,,
ASSAULT,AGGRAVATED ASSAULT WITH A DEADLY WEAPON,Sunday,NORTHERN,NONE,HERMANN ST / FILLMORE ST,-122.4300766,37.7702422,,
ASSAULT,AGGRAVATED ASSAULT WITH A DEADLY WEAPON,Saturday,MISSION,"ARREST, BOOKED",400 Block of VALENCIA ST,-122.4219351,37.76613439,,
ASSAULT,AGGRAVATED ASSAULT WITH A DEADLY WEAPON,Saturday,CENTRAL,NONE,100 Block of PINE ST,-122.3991759,37.79227742,,
ASSAULT,AGGRAVATED ASSAULT WITH A DEADLY WEAPON,Saturday,MISSION,NONE,3300 Block of CESAR CHAVEZ ST,-122.417067,37.74828543,,
ASSAULT,AGGRAVATED ASSAULT WITH A DEADLY WEAPON,Saturday,SOUTHERN,NONE,300 Block of 1ST ST,-122.3936189,37.78668893,,
ASSAULT,AGGRAVATED ASSAULT WITH A DEADLY WEAPON,Friday,NORTHERN,NONE,1600 Block of POLK ST,-122.4210331,37.79193935,,
ASSAULT,AGGRAVATED ASSAULT WITH A DEADLY WEAPON,Friday,MISSION,NONE,SHOTWELL ST / 18TH ST,-122.4160784,37.76203479,,
ASSAULT,AGGRAVATED ASSAULT WITH A DEADLY WEAPON,Friday,INGLESIDE,NONE,100 Block of POPE ST,-122.44094,37.71325927,,
ASSAULT,AGGRAVATED ASSAULT WITH A DEADLY WEAPON,Thursday,TENDERLOIN,"ARREST, BOOKED",400 Block of EDDY ST,-122.4150887,37.78367196,,
ASSAULT,AGGRAVATED ASSAULT WITH A DEADLY WEAPON,Thursday,PARK,NONE,BRODERICK ST / MCALLISTER ST,-122.4400304,37.77758616,,
ASSAULT,AGGRAVATED ASSAULT WITH A DEADLY WEAPON,Thursday,TARAVAL,NONE,1600 Block of OCEAN AV,-122.4595646,37.72469269,,
ASSAULT,AGGRAVATED ASSAULT WITH A DEADLY WEAPON,Thursday,NORTHERN,NONE,OFARRELL ST / LARKIN ST,-122.417904,37.78516709,,
ASSAULT,AGGRAVATED ASSAULT WITH A DEADLY WEAPON,Thursday,BAYVIEW,"ARREST, BOOKED",800 Block of FELTON ST,-122.4130136,37.7278931,,
ASSAULT,AGGRAVATED ASSAULT WITH A DEADLY WEAPON,Wednesday,BAYVIEW,NONE,1000 Block of OAKDALE AV,-122.3803483,37.72882763,,
ASSAULT,AGGRAVATED ASSAULT WITH A DEADLY WEAPON,Wednesday,SOUTHERN,"ARREST, BOOKED",1700 Block of MARKET ST,-122.4229248,37.77211585,,
ASSAULT,AGGRAVATED ASSAULT WITH A DEADLY WEAPON,Wednesday,RICHMOND,NONE,200 Block of 2ND AV,-122.4602712,37.78405037,,
ASSAULT,AGGRAVATED ASSAULT WITH A DEADLY WEAPON,Wednesday,BAYVIEW,"ARREST, BOOKED",1500 Block of CUSTER AV,-122.3901833,37.74579569,,
ASSAULT,AGGRAVATED ASSAULT WITH A DEADLY WEAPON,Tuesday,INGLESIDE,NONE,MISSION ST / 30TH ST,-122.4219709,37.74237522,,
ASSAULT,AGGRAVATED ASSAULT WITH A DEADLY WEAPON,Tuesday,MISSION,"ARREST, BOOKED",100 Block of CAPP ST,-122.4186879,37.76427539,,
ASSAULT,AGGRAVATED ASSAULT WITH A DEADLY WEAPON,Tuesday,TENDERLOIN,NONE,200 Block of ELLIS ST,-122.4103235,37.78512252,,
ASSAULT,AGGRAVATED ASSAULT WITH A DEADLY WEAPON,Tuesday,TENDERLOIN,NONE,100 Block of ELLIS ST,-122.4090932,37.78538982,,
ASSAULT,AGGRAVATED ASSAULT WITH A DEADLY WEAPON,Tuesday,SOUTHERN,NONE,800 Block of BRYANT ST,-122.4034048,37.77542071,,
ASSAULT,AGGRAVATED ASSAULT WITH A DEADLY WEAPON,Monday,MISSION,NONE,600 Block of VALENCIA ST,-122.4216875,37.76211606,,
ASSAULT,AGGRAVATED ASSAULT WITH A DEADLY WEAPON,Monday,CENTRAL,"ARREST, BOOKED",0 Block of DRUMM ST,-122.3965564,37.79411691,,
ASSAULT,AGGRAVATED ASSAULT WITH A DEADLY WEAPON,Monday,INGLESIDE,NONE,0 Block of LAIDLEY ST,-122.4316454,37.74099706,,
ASSAULT,AGGRAVATED ASSAULT WITH A DEADLY WEAPON,Sunday,TARAVAL,"ARREST, BOOKED",RANDOLPH ST / HEAD ST,-122.4643991,37.71429379,,
ASSAULT,AGGRAVATED ASSAULT WITH A DEADLY WEAPON,Sunday,MISSION,"ARREST, BOOKED",16TH ST / MISSION ST,-122.4196718,37.76505012,,
ASSAULT,AGGRAVATED ASSAULT WITH A DEADLY WEAPON,Saturday,MISSION,"ARREST, BOOKED",300 Block of LIBERTY ST,-122.4291264,37.75712332,,
ASSAULT,AGGRAVATED ASSAULT WITH A DEADLY WEAPON,Saturday,NORTHERN,NONE,1700 Block of POST ST,-122.4306001,37.78552072,,
ASSAULT,AGGRAVATED ASSAULT WITH A DEADLY WEAPON,Friday,MISSION,"ARREST, BOOKED",1800 Block of FOLSOM ST,-122.4156055,37.76771775,,
ASSAULT,AGGRAVATED ASSAULT WITH A DEADLY WEAPON,Friday,TARAVAL,"ARREST, BOOKED",2400 Block of OCEAN AV,-122.4710044,37.73059102,,
ASSAULT,AGGRAVATED ASSAULT WITH A DEADLY WEAPON,Friday,TENDERLOIN,NONE,0 Block of GOLDEN GATE AV,-122.4112686,37.78225009,,
ASSAULT,AGGRAVATED ASSAULT WITH A DEADLY WEAPON,Thursday,NORTHERN,NONE,400 Block of GROVE ST,-122.4240142,37.77776072,,
ASSAULT,AGGRAVATED ASSAULT WITH A DEADLY WEAPON,Thursday,TENDERLOIN,NONE,0 Block of OFARRELL ST,-122.4058954,37.78673422,,
ASSAULT,AGGRAVATED ASSAULT WITH A DEADLY WEAPON,Thursday,NORTHERN,"ARREST, BOOKED",OLIVE ST / LARKIN ST,-122.4178091,37.7847099,,
ASSAULT,AGGRAVATED ASSAULT WITH A DEADLY WEAPON,Wednesday,BAYVIEW,"ARREST, BOOKED",0 Block of OSCEOLA LN,-122.3831875,37.7316758,,
ASSAULT,AGGRAVATED ASSAULT WITH A DEADLY WEAPON,Wednesday,MISSION,"ARREST, BOOKED",200 Block of CUMBERLAND ST,-122.4291632,37.75888272,,
ASSAULT,AGGRAVATED ASSAULT WITH A DEADLY WEAPON,Wednesday,SOUTHERN,"ARREST, BOOKED",0 Block of NEWMONTGOMERY ST,-122.4005933,37.78760247,,
ASSAULT,AGGRAVATED ASSAULT WITH A DEADLY WEAPON,Monday,RICHMOND,NONE,300 Block of WILLARDNORTH ST,-122.4564447,37.77500132,,
ASSAULT,AGGRAVATED ASSAULT WITH A DEADLY WEAPON,Monday,INGLESIDE,"ARREST, BOOKED",600 Block of ANDOVER ST,-122.4168075,37.73584339,,
ASSAULT,AGGRAVATED ASSAULT WITH A DEADLY WEAPON,Monday,SOUTHERN,NONE,2ND ST / MISSION ST,-122.3998021,37.78800653,,
ASSAULT,AGGRAVATED ASSAULT WITH A DEADLY WEAPON,Monday,MISSION,NONE,3000 Block of MISSION ST,-122.4181632,37.74858895,,
ASSAULT,AGGRAVATED ASSAULT WITH A DEADLY WEAPON,Sunday,BAYVIEW,"ARREST, BOOKED",1000 Block of PALOU AV,-122.3808183,37.72818703,,
ASSAULT,AGGRAVATED ASSAULT WITH A DEADLY WEAPON,Sunday,MISSION,"ARREST, BOOKED",16TH ST / GUERRERO ST,-122.4241043,37.76478282,,
ASSAULT,AGGRAVATED ASSAULT WITH A DEADLY WEAPON,Sunday,TARAVAL,NONE,2000 Block of 32ND AV,-122.4901416,37.74894208,,
ASSAULT,AGGRAVATED ASSAULT WITH A DEADLY WEAPON,Sunday,CENTRAL,NONE,200 Block of COLUMBUS AV,-122.4065036,37.7976779,,
ASSAULT,AGGRAVATED ASSAULT WITH A DEADLY WEAPON,Saturday,NORTHERN,NONE,MCALLISTER ST / VANNESS AV,-122.4202505,37.78007457,,
ASSAULT,AGGRAVATED ASSAULT WITH A DEADLY WEAPON,Saturday,CENTRAL,NONE,POWELL ST / CALIFORNIA ST,-122.4091752,37.79204141,,
ASSAULT,AGGRAVATED ASSAULT WITH A DEADLY WEAPON,Saturday,MISSION,NONE,3300 Block of 17TH ST,-122.4199779,37.76345719,,
ASSAULT,AGGRAVATED ASSAULT WITH A DEADLY WEAPON,Friday,INGLESIDE,"ARREST, BOOKED",MISSION ST / 29TH ST,-122.4208966,37.74403815,,
ASSAULT,AGGRAVATED ASSAULT WITH A DEADLY WEAPON,Friday,MISSION,NONE,2400 Block of MARKET ST,-122.4357738,37.76245918,,
ASSAULT,AGGRAVATED ASSAULT WITH A DEADLY WEAPON,Friday,TARAVAL,NONE,1300 Block of 47TH AV,-122.5069944,37.76129255,,
ASSAULT,AGGRAVATED ASSAULT WITH A DEADLY WEAPON,Friday,MISSION,NONE,16TH ST / VALENCIA ST,-122.4218864,37.76491789,,
ASSAULT,AGGRAVATED ASSAULT WITH A DEADLY WEAPON,Thursday,MISSION,NONE,100 Block of CAPP ST,-122.4185499,37.76428371,,
ASSAULT,AGGRAVATED ASSAULT WITH A DEADLY WEAPON,Wednesday,BAYVIEW,NONE,1000 Block of PALOU AV,-122.3808183,37.72818703,,
ASSAULT,AGGRAVATED ASSAULT WITH A DEADLY WEAPON,Wednesday,SOUTHERN,NONE,800 Block of MARKET ST,-122.4076335,37.78418935,,
ASSAULT,AGGRAVATED ASSAULT WITH A DEADLY WEAPON,Wednesday,INGLESIDE,NONE,MISSION ST / SILVER AV,-122.431295,37.72872979,,
ASSAULT,AGGRAVATED ASSAULT WITH A DEADLY WEAPON,Wednesday,SOUTHERN,NONE,0 Block of MCCOPPIN ST,-122.4214541,37.77171452,,
ASSAULT,AGGRAVATED ASSAULT WITH A DEADLY WEAPON,Tuesday,INGLESIDE,"ARREST, BOOKED",5400 Block of MISSION ST,-122.444314,37.71310834,,
ASSAULT,AGGRAVATED ASSAULT WITH A DEADLY WEAPON,Tuesday,PARK,"ARREST, BOOKED",1800 Block of EDDY ST,-122.4380984,37.78063886,,
ASSAULT,AGGRAVATED ASSAULT WITH A DEADLY WEAPON,Tuesday,CENTRAL,NONE,700 Block of JONES ST,-122.4133206,37.78784714,,
ASSAULT,AGGRAVATED ASSAULT WITH A DEADLY WEAPON,Monday,CENTRAL,NONE,600 Block of BROADWAY ST,-122.4078434,37.79777736,,
ASSAULT,AGGRAVATED ASSAULT WITH A DEADLY WEAPON,Sunday,NORTHERN,"ARREST, BOOKED",2000 Block of PACIFIC AV,-122.4290083,37.79413454,,
ASSAULT,AGGRAVATED ASSAULT WITH A DEADLY WEAPON,Sunday,SOUTHERN,NONE,5THSTNORTH ST / MARKET ST,-122.4080683,37.78399168,,
ASSAULT,AGGRAVATED ASSAULT WITH A DEADLY WEAPON,Saturday,NORTHERN,"ARREST, BOOKED",800 Block of LARKIN ST,-122.4181105,37.78586277,,
ASSAULT,AGGRAVATED ASSAULT WITH A DEADLY WEAPON,Saturday,MISSION,"ARREST, BOOKED",400 Block of SHOTWELL ST,-122.4160709,37.76121422,,
ASSAULT,AGGRAVATED ASSAULT WITH A DEADLY WEAPON,Friday,NORTHERN,NONE,500 Block of BUCHANAN ST,-122.4276105,37.77510252,,
ASSAULT,AGGRAVATED ASSAULT WITH A DEADLY WEAPON,Thursday,MISSION,"ARREST, BOOKED",2800 Block of 16TH ST,-122.415863,37.76522607,,
ASSAULT,AGGRAVATED ASSAULT WITH A DEADLY WEAPON,Thursday,SOUTHERN,"ARREST, BOOKED",900 Block of MARKET ST,-122.4097084,37.78282765,,
ASSAULT,AGGRAVATED ASSAULT WITH A DEADLY WEAPON,Thursday,NORTHERN,NONE,1500 Block of EDDY ST,-122.4331778,37.78137581,,
ASSAULT,AGGRAVATED ASSAULT WITH A DEADLY WEAPON,Thursday,CENTRAL,"ARREST, BOOKED",0 Block of DRUMM ST,-122.3964219,37.79414474,,
ASSAULT,AGGRAVATED ASSAULT WITH A DEADLY WEAPON,Thursday,SOUTHERN,NONE,0 Block of 12TH ST,-122.4200014,37.77409486,,
ASSAULT,AGGRAVATED ASSAULT WITH A DEADLY WEAPON,Wednesday,MISSION,"ARREST, BOOKED",500 Block of 15TH ST,-122.4062068,37.76722534,,
ASSAULT,AGGRAVATED ASSAULT WITH A DEADLY WEAPON,Wednesday,TARAVAL,"ARREST, BOOKED",1400 Block of 32ND AV,-122.4907883,37.76013727,,
ASSAULT,AGGRAVATED ASSAULT WITH A DEADLY WEAPON,Tuesday,SOUTHERN,"ARREST, BOOKED",800 Block of BRANNAN ST,-122.404385,37.77219582,,
ASSAULT,AGGRAVATED ASSAULT WITH A DEADLY WEAPON,Monday,SOUTHERN,NONE,BRANNAN ST / RITCH ST,-122.3948439,37.77966433,,
ASSAULT,AGGRAVATED ASSAULT WITH A DEADLY WEAPON,Monday,SOUTHERN,NONE,1100 Block of FOLSOM ST,-122.4085643,37.77609673,,
ASSAULT,AGGRAVATED ASSAULT WITH A DEADLY WEAPON,Sunday,TENDERLOIN,NONE,400 Block of ELLIS ST,-122.4136093,37.78469691,,
ASSAULT,AGGRAVATED ASSAULT WITH A DEADLY WEAPON,Sunday,INGLESIDE,NONE,5100 Block of MISSION ST,-122.441352,37.71612709,,
ASSAULT,AGGRAVATED ASSAULT WITH A DEADLY WEAPON,Sunday,CENTRAL,NONE,500 Block of BROADWAY ST,-122.4058632,37.79802285,,
ASSAULT,AGGRAVATED ASSAULT WITH A DEADLY WEAPON,Saturday,CENTRAL,NONE,SUTTER ST / STOCKTON ST,-122.4069587,37.78943476,,
ASSAULT,AGGRAVATED ASSAULT WITH A DEADLY WEAPON,Saturday,SOUTHERN,"ARREST, BOOKED",200 Block of MISSION ST,-122.395434,37.79152978,,
ASSAULT,AGGRAVATED ASSAULT WITH A DEADLY WEAPON,Saturday,CENTRAL,NONE,0 Block of GEARY ST,-122.4042776,37.78791853,,
ASSAULT,AGGRAVATED ASSAULT WITH A DEADLY WEAPON,Friday,TENDERLOIN,NONE,LEAVENWORTH ST / OFARRELL ST,-122.4146197,37.78558306,,
ASSAULT,AGGRAVATED ASSAULT WITH A DEADLY WEAPON,Friday,INGLESIDE,NONE,1500 Block of GENEVA AV,-122.4308263,37.7124349,,
ASSAULT,AGGRAVATED ASSAULT WITH A DEADLY WEAPON,Friday,MISSION,NONE,700 Block of SOUTH VAN NESS AV,-122.4171699,37.76114776,,
ASSAULT,AGGRAVATED ASSAULT WITH A DEADLY WEAPON,Friday,SOUTHERN,"ARREST, BOOKED",800 Block of BRYANT ST,-122.4034048,37.77542071,,
ASSAULT,AGGRAVATED ASSAULT WITH A DEADLY WEAPON,Thursday,CENTRAL,"ARREST, BOOKED",1400 Block of CLAY ST,-122.4169409,37.79285238,,
ASSAULT,AGGRAVATED ASSAULT WITH A DEADLY WEAPON,Wednesday,NORTHERN,NONE,FRANKLIN ST / FULTON ST,-122.4217132,37.77895747,,
ASSAULT,AGGRAVATED ASSAULT WITH A DEADLY WEAPON,Wednesday,MISSION,NONE,MISSION ST / CLARION AL,-122.4194782,37.76305077,,
ASSAULT,AGGRAVATED ASSAULT WITH A DEADLY WEAPON,Wednesday,CENTRAL,NONE,800 Block of POST ST,-122.4158219,37.78729329,,
ASSAULT,AGGRAVATED ASSAULT WITH A DEADLY WEAPON,Tuesday,INGLESIDE,NONE,800 Block of PARIS ST,-122.4391648,37.7161702,,
ASSAULT,AGGRAVATED ASSAULT WITH A DEADLY WEAPON,Tuesday,PARK,JUVENILE BOOKED,1000 Block of 14TH ST,-122.4360766,37.76724463,,
ASSAULT,AGGRAVATED ASSAULT WITH A DEADLY WEAPON,Tuesday,MISSION,"ARREST, BOOKED",2100 Block of MISSION ST,-122.4194244,37.76323239,,
ASSAULT,AGGRAVATED ASSAULT WITH A DEADLY WEAPON,Monday,TARAVAL,"ARREST, BOOKED",1500 Block of 25TH AV,-122.4831565,37.75860135,,
ASSAULT,AGGRAVATED ASSAULT WITH A DEADLY WEAPON,Monday,BAYVIEW,NONE,500 Block of BLANKEN AV,-122.3968844,37.71114742,,
ASSAULT,AGGRAVATED ASSAULT WITH A DEADLY WEAPON,Monday,BAYVIEW,"ARREST, BOOKED",1300 Block of SHAFTER AV,-122.3860292,37.72844418,,
ASSAULT,AGGRAVATED ASSAULT WITH A DEADLY WEAPON,Monday,CENTRAL,"ARREST, BOOKED",300 Block of POWELL ST,-122.4083843,37.78782711,,
ASSAULT,AGGRAVATED ASSAULT WITH A DEADLY WEAPON,Monday,TENDERLOIN,NONE,ELLIS ST / JONES ST,-122.4127841,37.78486569,,
ASSAULT,AGGRAVATED ASSAULT WITH A DEADLY WEAPON,Sunday,SOUTHERN,"ARREST, BOOKED",400 Block of CLEMENTINA ST,-122.405112,37.77984316,,
ASSAULT,AGGRAVATED ASSAULT WITH A DEADLY WEAPON,Saturday,MISSION,NONE,500 Block of VALENCIA ST,-122.4217385,37.76409722,,
ASSAULT,AGGRAVATED ASSAULT WITH A DEADLY WEAPON,Saturday,NORTHERN,NONE,900 Block of GEARY ST,-122.4189184,37.78594073,,
ASSAULT,AGGRAVATED ASSAULT WITH A DEADLY WEAPON,Friday,SOUTHERN,NONE,5THSTNORTH ST / MARKET ST,-122.4080683,37.78399168,,
ASSAULT,AGGRAVATED ASSAULT WITH A DEADLY WEAPON,Friday,CENTRAL,NONE,500 Block of SANSOME ST,-122.4016054,37.79507461,,
ASSAULT,AGGRAVATED ASSAULT WITH A DEADLY WEAPON,Friday,TENDERLOIN,NONE,200 Block of POWELL ST,-122.4082017,37.78688491,,
ASSAULT,AGGRAVATED ASSAULT WITH A DEADLY WEAPON,Thursday,MISSION,NONE,2000 Block of MARKET ST,-122.4269556,37.76924706,,
ASSAULT,AGGRAVATED ASSAULT WITH A DEADLY WEAPON,Thursday,NORTHERN,NONE,800 Block of ELLIS ST,-122.4201913,37.78387039,,
ASSAULT,AGGRAVATED ASSAULT WITH A DEADLY WEAPON,Thursday,RICHMOND,NONE,600 Block of ARGUELLO BL,-122.4586157,37.77867383,,
ASSAULT,AGGRAVATED ASSAULT WITH A DEADLY WEAPON,Thursday,TARAVAL,"ARREST, BOOKED",WAWONA ST / 23RD AV,-122.4795997,37.73726498,,
ASSAULT,AGGRAVATED ASSAULT WITH A DEADLY WEAPON,Wednesday,INGLESIDE,"ARREST, BOOKED",0 Block of NIAGARA AV,-122.4426271,37.71624624,,
ASSAULT,AGGRAVATED ASSAULT WITH A DEADLY WEAPON,Wednesday,PARK,"ARREST, BOOKED",BUENAVISTAWEST AV / HAIGHT ST,-122.4433119,37.77046975,,
ASSAULT,AGGRAVATED ASSAULT WITH A DEADLY WEAPON,Wednesday,INGLESIDE,NONE,300 Block of SENECA AV,-122.4451473,37.72141135,,
ASSAULT,AGGRAVATED ASSAULT WITH A DEADLY WEAPON,Tuesday,NORTHERN,"ARREST, BOOKED",1200 Block of VANNESS AV,-122.421442,37.78685165,,
ASSAULT,AGGRAVATED ASSAULT WITH A DEADLY WEAPON,Tuesday,CENTRAL,NONE,1100 Block of COLUMBUS AV,-122.4169767,37.80506978,,
ASSAULT,AGGRAVATED ASSAULT WITH A DEADLY WEAPON,Monday,TARAVAL,NONE,2000 Block of 28TH AV,-122.48586,37.74913125,,
ASSAULT,AGGRAVATED ASSAULT WITH A DEADLY WEAPON,Monday,CENTRAL,NONE,300 Block of CALIFORNIA ST,-122.4005647,37.79318751,,
ASSAULT,AGGRAVATED ASSAULT WITH A DEADLY WEAPON,Monday,BAYVIEW,"ARREST, BOOKED",3RD ST / REVERE AV,-122.3915229,37.73243239,,
ASSAULT,AGGRAVATED ASSAULT WITH A DEADLY WEAPON,Monday,TARAVAL,NONE,1200 Block of 14TH AV,-122.4718016,37.76472366,,
ASSAULT,AGGRAVATED ASSAULT WITH A DEADLY WEAPON,Monday,CENTRAL,NONE,CALIFORNIA ST / LARKIN ST,-122.4190391,37.79078802,,
ASSAULT,AGGRAVATED ASSAULT WITH A DEADLY WEAPON,Sunday,NORTHERN,"ARREST, BOOKED",0 Block of ROSE ST,-122.4217015,37.77364122,,
ASSAULT,AGGRAVATED ASSAULT WITH A DEADLY WEAPON,Sunday,MISSION,NONE,16TH ST / MISSION ST,-122.4196718,37.76505012,,
ASSAULT,AGGRAVATED ASSAULT WITH A DEADLY WEAPON,Sunday,CENTRAL,NONE,400 Block of BEACH ST,-122.4164436,37.80711797,,
ASSAULT,AGGRAVATED ASSAULT WITH A DEADLY WEAPON,Sunday,TARAVAL,"ARREST, BOOKED",3200 Block of 20TH AV,-122.4756475,37.72852806,,
ASSAULT,AGGRAVATED ASSAULT WITH A DEADLY WEAPON,Sunday,TENDERLOIN,"ARREST, BOOKED",0 Block of POWELL ST,-122.4078454,37.78509432,,
ASSAULT,AGGRAVATED ASSAULT WITH A DEADLY WEAPON,Sunday,NORTHERN,NONE,GOLDEN GATE AV / GOUGH ST,-122.4237322,37.78061115,,
ASSAULT,AGGRAVATED ASSAULT WITH A DEADLY WEAPON,Saturday,MISSION,NONE,BARTLETT ST / 21ST ST,-122.4200131,37.75696861,,
ASSAULT,AGGRAVATED ASSAULT WITH A DEADLY WEAPON,Saturday,TENDERLOIN,NONE,100 Block of EDDY ST,-122.4101571,37.78429738,,
ASSAULT,AGGRAVATED ASSAULT WITH A DEADLY WEAPON,Saturday,SOUTHERN,UNFOUNDED,BEALE ST / FOLSOM ST,-122.3927273,37.78868617,,
ASSAULT,AGGRAVATED ASSAULT WITH A DEADLY WEAPON,Friday,BAYVIEW,"ARREST, BOOKED",4500 Block of 3RD ST,-122.3901363,37.73680362,,
ASSAULT,AGGRAVATED ASSAULT WITH A DEADLY WEAPON,Friday,TARAVAL,"ARREST, BOOKED",2300 Block of 24TH AV,-122.4811832,37.74372682,,
ASSAULT,AGGRAVATED ASSAULT WITH A DEADLY WEAPON,Friday,MISSION,NONE,2300 Block of MARKET ST,-122.4340362,37.7632942,,
ASSAULT,AGGRAVATED ASSAULT WITH A DEADLY WEAPON,Thursday,MISSION,"ARREST, BOOKED",17TH ST / SAN BRUNO AV,-122.4054666,37.76460488,,
ASSAULT,AGGRAVATED ASSAULT WITH A DEADLY WEAPON,Thursday,BAYVIEW,"ARREST, BOOKED",100 Block of BAY SHORE BL,-122.4043584,37.74580631,,
ASSAULT,AGGRAVATED ASSAULT WITH A DEADLY WEAPON,Tuesday,PARK,NONE,HAIGHT ST / COLE ST,-122.4507099,37.76952623,,
ASSAULT,AGGRAVATED ASSAULT WITH A DEADLY WEAPON,Tuesday,SOUTHERN,NONE,5TH ST / HARRISON ST,-122.4018464,37.77903241,,
ASSAULT,AGGRAVATED ASSAULT WITH A DEADLY WEAPON,Tuesday,PARK,NONE,EDDY ST / BRODERICK ST,-122.4405912,37.7803733,,
ASSAULT,AGGRAVATED ASSAULT WITH A DEADLY WEAPON,Monday,SOUTHERN,NONE,0 Block of 6TH ST,-122.4090112,37.78113406,,
ASSAULT,AGGRAVATED ASSAULT WITH A DEADLY WEAPON,Monday,RICHMOND,NONE,GEARY BL / 20TH AV,-122.479384,37.7803327,,
ASSAULT,AGGRAVATED ASSAULT WITH A DEADLY WEAPON,Monday,TARAVAL,"ARREST, BOOKED",1200 Block of TARAVAL ST,-122.4794477,37.74282978,,
ASSAULT,AGGRAVATED ASSAULT WITH A DEADLY WEAPON,Monday,TARAVAL,NONE,47TH AV / JUDAH ST,-122.5069964,37.76037609,,
ASSAULT,AGGRAVATED ASSAULT WITH A DEADLY WEAPON,Monday,SOUTHERN,NONE,900 Block of MARKET ST,-122.4085951,37.78370693,,
ASSAULT,AGGRAVATED ASSAULT WITH A DEADLY WEAPON,Saturday,TARAVAL,NONE,1500 Block of 25TH AV,-122.4832946,37.75859524,,
ASSAULT,AGGRAVATED ASSAULT WITH A DEADLY WEAPON,Saturday,NORTHERN,NONE,700 Block of ELLIS ST,-122.4185621,37.78418471,,
ASSAULT,AGGRAVATED ASSAULT WITH A DEADLY WEAPON,Friday,PARK,NONE,ASHBURY ST / FREDERICK ST,-122.4463689,37.76721914,,
ASSAULT,AGGRAVATED ASSAULT WITH A DEADLY WEAPON,Friday,TENDERLOIN,NONE,400 Block of ELLIS ST,-122.4136093,37.78469691,,
ASSAULT,AGGRAVATED ASSAULT WITH A DEADLY WEAPON,Friday,RICHMOND,NONE,34TH AV / FULTON ST,-122.4938314,37.77212855,,
ASSAULT,AGGRAVATED ASSAULT WITH A DEADLY WEAPON,Thursday,TENDERLOIN,NONE,LEAVENWORTH ST / TURK ST,-122.4140563,37.78279311,,
ASSAULT,AGGRAVATED ASSAULT WITH A DEADLY WEAPON,Thursday,NORTHERN,"ARREST, BOOKED",LOMBARD ST / WEBSTER ST,-122.4344069,37.80005222,,
ASSAULT,AGGRAVATED ASSAULT WITH A DEADLY WEAPON,Thursday,MISSION,NONE,2000 Block of MISSION ST,-122.4196583,37.76422056,,
ASSAULT,AGGRAVATED ASSAULT WITH A DEADLY WEAPON,Wednesday,BAYVIEW,"ARREST, BOOKED",100 Block of BRIDGEVIEW DR,-122.3967329,37.73534513,,
ASSAULT,AGGRAVATED ASSAULT WITH A DEADLY WEAPON,Tuesday,SOUTHERN,NONE,500 Block of 5TH ST,-122.3999811,37.77762424,,
ASSAULT,AGGRAVATED ASSAULT WITH A DEADLY WEAPON,Tuesday,TENDERLOIN,"ARREST, BOOKED",300 Block of HYDE ST,-122.4159106,37.78399992,,
ASSAULT,AGGRAVATED ASSAULT WITH A DEADLY WEAPON,Monday,SOUTHERN,NONE,800 Block of BRYANT ST,-122.4034048,37.77542071,,
ASSAULT,AGGRAVATED ASSAULT WITH A DEADLY WEAPON,Monday,SOUTHERN,NONE,800 Block of 4TH ST,-122.3937378,37.77601629,,
ASSAULT,AGGRAVATED ASSAULT WITH A DEADLY WEAPON,Monday,PARK,NONE,1700 Block of HAIGHT ST,-122.4513144,37.76950461,,
ASSAULT,AGGRAVATED ASSAULT WITH A DEADLY WEAPON,Sunday,SOUTHERN,NONE,0 Block of 8TH ST,-122.4136846,37.77779846,,
ASSAULT,AGGRAVATED ASSAULT WITH A DEADLY WEAPON,Sunday,SOUTHERN,"ARREST, BOOKED",200 Block of RHODEISLAND ST,-122.4026758,37.76671554,,
ASSAULT,AGGRAVATED ASSAULT WITH A DEADLY WEAPON,Saturday,TENDERLOIN,NONE,700 Block of OFARRELL ST,-122.4171073,37.78532383,,
ASSAULT,AGGRAVATED ASSAULT WITH A DEADLY WEAPON,Saturday,SOUTHERN,"ARREST, BOOKED",0 Block of 10TH ST,-122.4172576,37.77626951,,
ASSAULT,AGGRAVATED ASSAULT WITH A DEADLY WEAPON,Saturday,TENDERLOIN,NONE,100 Block of TURK ST,-122.4116151,37.78316141,,
ASSAULT,AGGRAVATED ASSAULT WITH A DEADLY WEAPON,Saturday,TENDERLOIN,"ARREST, BOOKED",200 Block of OFARRELL ST,-122.4084963,37.78629619,,
ASSAULT,AGGRAVATED ASSAULT WITH A DEADLY WEAPON,Friday,MISSION,"ARREST, BOOKED",2000 Block of MISSION ST,-122.4195204,37.76422894,,
ASSAULT,AGGRAVATED ASSAULT WITH A DEADLY WEAPON,Friday,TENDERLOIN,NONE,400 Block of JONES ST,-122.4127588,37.7850961,,
ASSAULT,AGGRAVATED ASSAULT WITH A DEADLY WEAPON,Thursday,BAYVIEW,UNFOUNDED,300 Block of HAMILTON ST,-122.4098356,37.7266553,,
ASSAULT,AGGRAVATED ASSAULT WITH A DEADLY WEAPON,Thursday,PARK,"ARREST, BOOKED",1800 Block of EDDY ST,-122.4380984,37.78063886,,
ASSAULT,AGGRAVATED ASSAULT WITH A DEADLY WEAPON,Wednesday,PARK,"ARREST, BOOKED",600 Block of BRODERICK ST,-122.4396838,37.77619641,,
ASSAULT,AGGRAVATED ASSAULT WITH A DEADLY WEAPON,Tuesday,NORTHERN,"ARREST, BOOKED",MARKET ST / CHURCH ST,-122.42895,37.76750273,,
ASSAULT,AGGRAVATED ASSAULT WITH A DEADLY WEAPON,Tuesday,TENDERLOIN,"ARREST, BOOKED",100 Block of TAYLOR ST,-122.4107917,37.78369523,,
ASSAULT,AGGRAVATED ASSAULT WITH A DEADLY WEAPON,Tuesday,SOUTHERN,"ARREST, BOOKED",0 Block of 12TH ST,-122.4200014,37.77409486,,
ASSAULT,AGGRAVATED ASSAULT WITH A DEADLY WEAPON,Monday,NORTHERN,NONE,POLK ST / GROVE ST,-122.4182299,37.77848954,,
ASSAULT,AGGRAVATED ASSAULT WITH A DEADLY WEAPON,Monday,TARAVAL,"ARREST, BOOKED",1000 Block of TARAVAL ST,-122.4773145,37.7430335,,
ASSAULT,AGGRAVATED ASSAULT WITH A DEADLY WEAPON,Monday,PARK,NONE,STANYAN ST / HAIGHT ST,-122.4535346,37.7691663,,
ASSAULT,AGGRAVATED ASSAULT WITH A DEADLY WEAPON,Sunday,SOUTHERN,"ARREST, BOOKED",0 Block of 3RD ST,-122.4028355,37.7868009,,
ASSAULT,AGGRAVATED ASSAULT WITH A DEADLY WEAPON,Sunday,NORTHERN,"ARREST, BOOKED",1000 Block of POST ST,-122.4191044,37.78687648,,
ASSAULT,AGGRAVATED ASSAULT WITH A DEADLY WEAPON,Saturday,MISSION,NONE,500 Block of GUERRERO ST,-122.4240369,37.76275139,,
ASSAULT,AGGRAVATED ASSAULT WITH A DEADLY WEAPON,Saturday,INGLESIDE,NONE,700 Block of FOERSTER ST,-122.4488216,37.73509309,,
ASSAULT,AGGRAVATED ASSAULT WITH A DEADLY WEAPON,Saturday,TENDERLOIN,NONE,0 Block of JONES ST,-122.4120541,37.78161364,,
ASSAULT,AGGRAVATED ASSAULT WITH A DEADLY WEAPON,Saturday,CENTRAL,NONE,0 Block of CALIFORNIA ST,-122.3970001,37.79353047,,
ASSAULT,AGGRAVATED ASSAULT WITH A DEADLY WEAPON,Saturday,TENDERLOIN,NONE,ELLIS ST / JONES ST,-122.4127841,37.78486569,,
ASSAULT,AGGRAVATED ASSAULT WITH A DEADLY WEAPON,Saturday,NORTHERN,NONE,1300 Block of POLK ST,-122.4205157,37.78938405,,
ASSAULT,AGGRAVATED ASSAULT WITH A DEADLY WEAPON,Friday,MISSION,"ARREST, BOOKED",400 Block of VALENCIA ST,-122.422073,37.76612595,,
ASSAULT,AGGRAVATED ASSAULT WITH A DEADLY WEAPON,Friday,MISSION,"ARREST, BOOKED",2600 Block of 24TH ST,-122.4058381,37.75297859,,
ASSAULT,AGGRAVATED ASSAULT WITH A DEADLY WEAPON,Friday,NORTHERN,JUVENILE BOOKED,1800 Block of CHESTNUT ST,-122.4338067,37.8011834,,
ASSAULT,AGGRAVATED ASSAULT WITH A DEADLY WEAPON,Friday,SOUTHERN,NONE,800 Block of BRYANT ST,-122.4034048,37.77542071,,
ASSAULT,AGGRAVATED ASSAULT WITH A DEADLY WEAPON,Thursday,RICHMOND,"ARREST, BOOKED",600 Block of 35TH AV,-122.4953104,37.77672397,,
ASSAULT,AGGRAVATED ASSAULT WITH A DEADLY WEAPON,Thursday,CENTRAL,JUVENILE BOOKED,1700 Block of MASON ST,-122.4122772,37.79941555,,
ASSAULT,AGGRAVATED ASSAULT WITH A DEADLY WEAPON,Wednesday,MISSION,NONE,2000 Block of MISSION ST,-122.4196583,37.76422056,,
ASSAULT,AGGRAVATED ASSAULT WITH A DEADLY WEAPON,Wednesday,TARAVAL,NONE,1900 Block of OCEAN AV,-122.4625603,37.72529453,,
ASSAULT,AGGRAVATED ASSAULT WITH A DEADLY WEAPON,Wednesday,TENDERLOIN,NONE,LARKIN ST / GROVE ST,-122.4165835,37.77865915,,
ASSAULT,AGGRAVATED ASSAULT WITH A DEADLY WEAPON,Wednesday,BAYVIEW,"ARREST, BOOKED",0 Block of NORTHRIDGE RD,-122.3756052,37.73072152,,
ASSAULT,AGGRAVATED ASSAULT WITH A DEADLY WEAPON,Wednesday,SOUTHERN,NONE,200 Block of 8TH ST,-122.4112719,37.77603295,,
ASSAULT,AGGRAVATED ASSAULT WITH A DEADLY WEAPON,Tuesday,INGLESIDE,"ARREST, BOOKED",GENEVA AV / LONDON ST,-122.4402533,37.71604001,,
ASSAULT,AGGRAVATED ASSAULT WITH A DEADLY WEAPON,Tuesday,MISSION,"ARREST, BOOKED",2500 Block of 17TH ST,-122.4094083,37.7644228,,
ASSAULT,AGGRAVATED ASSAULT WITH A DEADLY WEAPON,Monday,INGLESIDE,NONE,300 Block of WINDING WY,-122.4378103,37.70933774,,
ASSAULT,AGGRAVATED ASSAULT WITH A DEADLY WEAPON,Monday,NORTHERN,NONE,300 Block of IVY ST,-122.4239222,37.77729679,,
ASSAULT,AGGRAVATED ASSAULT WITH A DEADLY WEAPON,Monday,RICHMOND,"ARREST, BOOKED",PARKER AV / CALIFORNIA ST,-122.4547764,37.78624264,,
ASSAULT,AGGRAVATED ASSAULT WITH A DEADLY WEAPON,Sunday,TENDERLOIN,"ARREST, BOOKED",GEARY ST / HYDE ST,-122.4164521,37.78630869,,
ASSAULT,AGGRAVATED ASSAULT WITH A DEADLY WEAPON,Saturday,TARAVAL,"ARREST, BOOKED",1300 Block of 17TH AV,-122.4749879,37.76270407,,
ASSAULT,AGGRAVATED ASSAULT WITH A DEADLY WEAPON,Saturday,SOUTHERN,NONE,MARKET ST / DRUMM ST,-122.3963054,37.7932572,,
ASSAULT,AGGRAVATED ASSAULT WITH A DEADLY WEAPON,Saturday,CENTRAL,UNFOUNDED,BUSH ST / STOCKTON ST,-122.4071522,37.79036558,,
ASSAULT,AGGRAVATED ASSAULT WITH A DEADLY WEAPON,Saturday,BAYVIEW,NONE,THOMAS AV / KEITH ST,-122.3894213,37.72935385,,
ASSAULT,AGGRAVATED ASSAULT WITH A DEADLY WEAPON,Saturday,NORTHERN,NONE,500 Block of LARKIN ST,-122.4173673,37.78286262,,
ASSAULT,AGGRAVATED ASSAULT WITH A DEADLY WEAPON,Friday,MISSION,NONE,16TH ST / BRYANT ST,-122.4104888,37.76560586,,
ASSAULT,AGGRAVATED ASSAULT WITH A DEADLY WEAPON,Friday,TENDERLOIN,NONE,GROVE ST / LARKIN ST,-122.4165835,37.77865915,,
ASSAULT,AGGRAVATED ASSAULT WITH A DEADLY WEAPON,Friday,RICHMOND,JUVENILE BOOKED,200 Block of 6TH AV,-122.464556,37.78384441,,
ASSAULT,AGGRAVATED ASSAULT WITH A DEADLY WEAPON,Thursday,TENDERLOIN,"ARREST, BOOKED",400 Block of EDDY ST,-122.4150669,37.78356348,,
ASSAULT,AGGRAVATED ASSAULT WITH A DEADLY WEAPON,Wednesday,NORTHERN,NONE,1200 Block of POLK ST,-122.4202316,37.78798096,,
ASSAULT,AGGRAVATED ASSAULT WITH A DEADLY WEAPON,Tuesday,RICHMOND,NONE,47TH AV / FULTON ST,-122.5077501,37.771494,,
ASSAULT,AGGRAVATED ASSAULT WITH A DEADLY WEAPON,Tuesday,INGLESIDE,NONE,3400 Block of MISSION ST,-122.4225492,37.74135774,,
ASSAULT,AGGRAVATED ASSAULT WITH A DEADLY WEAPON,Tuesday,TENDERLOIN,"ARREST, BOOKED",EDDY ST / LEAVENWORTH ST,-122.414243,37.78372403,,
ASSAULT,AGGRAVATED ASSAULT WITH A DEADLY WEAPON,Monday,BAYVIEW,NONE,1200 Block of INGALLS ST,-122.3818673,37.7305668,,
ASSAULT,AGGRAVATED ASSAULT WITH A DEADLY WEAPON,Monday,TENDERLOIN,NONE,100 Block of LEAVENWORTH ST,-122.4140298,37.78232912,,
ASSAULT,AGGRAVATED ASSAULT WITH A DEADLY WEAPON,Monday,SOUTHERN,"ARREST, BOOKED",600 Block of MISSION ST,-122.4008609,37.78709052,,
ASSAULT,AGGRAVATED ASSAULT WITH A DEADLY WEAPON,Sunday,SOUTHERN,"ARREST, BOOKED",0 Block of TABER PL,-122.393901,37.7824206,,
ASSAULT,AGGRAVATED ASSAULT WITH A DEADLY WEAPON,Sunday,TENDERLOIN,NONE,GOLDEN GATE AV / HYDE ST,-122.4155082,37.78165428,,
ASSAULT,AGGRAVATED ASSAULT WITH A DEADLY WEAPON,Sunday,NORTHERN,NONE,POLK ST / ELLIS ST,-122.4193663,37.78402805,,
ASSAULT,AGGRAVATED ASSAULT WITH A DEADLY WEAPON,Sunday,NORTHERN,NONE,2100 Block of WASHINGTON ST,-122.4286306,37.79226475,,
ASSAULT,AGGRAVATED ASSAULT WITH A DEADLY WEAPON,Sunday,NORTHERN,EXCEPTIONAL CLEARANCE,1500 Block of FILLMORE ST,-122.4327438,37.78384245,,
ASSAULT,AGGRAVATED ASSAULT WITH A DEADLY WEAPON,Sunday,CENTRAL,NONE,100 Block of JEFFERSON ST,-122.4149883,37.80826133,,
ASSAULT,AGGRAVATED ASSAULT WITH A DEADLY WEAPON,Sunday,TENDERLOIN,"ARREST, BOOKED",200 Block of LEAVENWORTH ST,-122.4142178,37.78325933,,
ASSAULT,AGGRAVATED ASSAULT WITH A DEADLY WEAPON,Saturday,INGLESIDE,"ARREST, BOOKED",100 Block of HIGHLAND AV,-122.4235406,37.73743514,,
ASSAULT,AGGRAVATED ASSAULT WITH A DEADLY WEAPON,Saturday,MISSION,"ARREST, BOOKED",1100 Block of VALENCIA ST,-122.4208177,37.75448782,,
ASSAULT,AGGRAVATED ASSAULT WITH A DEADLY WEAPON,Friday,SOUTHERN,NONE,HARRISON ST / 3RD ST,-122.3973888,37.78255435,,
ASSAULT,AGGRAVATED ASSAULT WITH A DEADLY WEAPON,Friday,BAYVIEW,NONE,0 Block of HUDSON CT,-122.3792138,37.73236862,,
ASSAULT,AGGRAVATED ASSAULT WITH A DEADLY WEAPON,Friday,MISSION,NONE,2000 Block of MARKET ST,-122.4269556,37.76924706,,
ASSAULT,AGGRAVATED ASSAULT WITH A DEADLY WEAPON,Friday,TENDERLOIN,NONE,EDDY ST / TAYLOR ST,-122.4109552,37.78413995,,
ASSAULT,AGGRAVATED ASSAULT WITH A DEADLY WEAPON,Friday,NORTHERN,"ARREST, BOOKED",OAK ST / WEBSTER ST,-122.4291789,37.77418225,,
ASSAULT,AGGRAVATED ASSAULT WITH A DEADLY WEAPON,Thursday,NORTHERN,NONE,2100 Block of CHESTNUT ST,-122.4387013,37.80044989,,
ASSAULT,AGGRAVATED ASSAULT WITH A DEADLY WEAPON,Thursday,SOUTHERN,JUVENILE BOOKED,1000 Block of MARKET ST,-122.4113396,37.78127074,,
ASSAULT,AGGRAVATED ASSAULT WITH A DEADLY WEAPON,Thursday,CENTRAL,NONE,MASON ST / JACKSON ST,-122.4115464,37.79540915,,
ASSAULT,AGGRAVATED ASSAULT WITH A DEADLY WEAPON,Wednesday,TENDERLOIN,NONE,EDDY ST / LARKIN ST,-122.4175307,37.78331075,,
ASSAULT,AGGRAVATED ASSAULT WITH A DEADLY WEAPON,Wednesday,CENTRAL,NONE,0 Block of SUTTER ST,-122.4013834,37.79019748,,
ASSAULT,AGGRAVATED ASSAULT WITH A DEADLY WEAPON,Monday,MISSION,"ARREST, BOOKED",2000 Block of MISSION ST,-122.4195204,37.76422894,,
ASSAULT,AGGRAVATED ASSAULT WITH A DEADLY WEAPON,Monday,CENTRAL,"ARREST, BOOKED",1200 Block of GRANT AV,-122.4071101,37.79864578,,
ASSAULT,AGGRAVATED ASSAULT WITH A DEADLY WEAPON,Monday,SOUTHERN,"ARREST, BOOKED",11TH ST / HARRISON ST,-122.4124833,37.77063059,,
ASSAULT,AGGRAVATED ASSAULT WITH A DEADLY WEAPON,Sunday,SOUTHERN,"ARREST, BOOKED",300 Block of CLEMENTINA ST,-122.4023215,37.78203871,,
ASSAULT,AGGRAVATED ASSAULT WITH A DEADLY WEAPON,Sunday,NORTHERN,"ARREST, BOOKED",1600 Block of SACRAMENTO ST,-122.4200524,37.79154369,,
ASSAULT,AGGRAVATED ASSAULT WITH A DEADLY WEAPON,Sunday,TENDERLOIN,"ARREST, BOOKED",500 Block of LEAVENWORTH ST,-122.4146454,37.78606884,,
ASSAULT,AGGRAVATED ASSAULT WITH A DEADLY WEAPON,Sunday,TARAVAL,NONE,18TH AV / MORAGA ST,-122.475536,37.75615263,,
ASSAULT,AGGRAVATED ASSAULT WITH A DEADLY WEAPON,Sunday,SOUTHERN,NONE,5TH ST / TEHAMA ST,-122.4044079,37.78107596,,
ASSAULT,AGGRAVATED ASSAULT WITH A DEADLY WEAPON,Saturday,RICHMOND,NONE,200 Block of 17TH AV,-122.4763013,37.78332369,,
ASSAULT,AGGRAVATED ASSAULT WITH A DEADLY WEAPON,Saturday,INGLESIDE,"ARREST, BOOKED",5500 Block of DIAMONDHEIGHTS BL,-122.4363691,37.7394999,,
ASSAULT,AGGRAVATED ASSAULT WITH A DEADLY WEAPON,Saturday,PARK,NONE,GEARY BL / SCOTT ST,-122.4378509,37.78371743,,
ASSAULT,AGGRAVATED ASSAULT WITH A DEADLY WEAPON,Friday,MISSION,"ARREST, BOOKED",MISSION ST / 24TH ST,-122.4184482,37.75223917,,
ASSAULT,AGGRAVATED ASSAULT WITH A DEADLY WEAPON,Friday,TENDERLOIN,NONE,300 Block of ELLIS ST,-122.4119876,37.78502266,,
ASSAULT,AGGRAVATED ASSAULT WITH A DEADLY WEAPON,Thursday,SOUTHERN,NONE,FOLSOM ST / COLUMBIASQUARE ST,-122.4064399,37.77785671,,
ASSAULT,AGGRAVATED ASSAULT WITH A DEADLY WEAPON,Thursday,NORTHERN,"ARREST, BOOKED",1700 Block of OFARRELL ST,-122.4335331,37.78313157,,
ASSAULT,AGGRAVATED ASSAULT WITH A DEADLY WEAPON,Wednesday,BAYVIEW,NONE,3RD ST / QUESADA AV,-122.3912456,37.7332252,,
ASSAULT,AGGRAVATED ASSAULT WITH A DEADLY WEAPON,Wednesday,SOUTHERN,"ARREST, BOOKED",200 Block of 6TH ST,-122.4068301,37.77955378,,
ASSAULT,AGGRAVATED ASSAULT WITH A DEADLY WEAPON,Wednesday,BAYVIEW,COMPLAINANT REFUSES TO PROSECUTE,2000 Block of PALOU AV,-122.3993706,37.73871083,,
ASSAULT,AGGRAVATED ASSAULT WITH A DEADLY WEAPON,Tuesday,BAYVIEW,NONE,BAY SHORE BL / VISITACION AV,-122.4042261,37.71040888,,
ASSAULT,AGGRAVATED ASSAULT WITH A DEADLY WEAPON,Tuesday,SOUTHERN,NONE,MARKET ST / VANNESS AV,-122.4192579,37.77514629,,
ASSAULT,AGGRAVATED ASSAULT WITH A DEADLY WEAPON,Monday,SOUTHERN,"ARREST, BOOKED",800 Block of BRYANT ST,-122.4034048,37.77542071,,
ASSAULT,AGGRAVATED ASSAULT WITH A DEADLY WEAPON,Monday,MISSION,"ARREST, BOOKED",MISSION ST / 18TH ST,-122.4193604,37.7618358,,
ASSAULT,AGGRAVATED ASSAULT WITH A DEADLY WEAPON,Monday,CENTRAL,"ARREST, BOOKED",500 Block of SUTTER ST,-122.4094236,37.78906473,,
ASSAULT,AGGRAVATED ASSAULT WITH A DEADLY WEAPON,Sunday,SOUTHERN,NONE,VERMONT ST / 15TH ST,-122.4047526,37.7672562,,
ASSAULT,AGGRAVATED ASSAULT WITH A DEADLY WEAPON,Sunday,SOUTHERN,NONE,900 Block of FOLSOM ST,-122.4038604,37.77981372,,
ASSAULT,AGGRAVATED ASSAULT WITH A DEADLY WEAPON,Sunday,BAYVIEW,NONE,0 Block of MIDDLEPOINT RD,-122.3793454,37.73574191,,
ASSAULT,AGGRAVATED ASSAULT WITH A DEADLY WEAPON,Saturday,TENDERLOIN,NONE,500 Block of LEAVENWORTH ST,-122.4147821,37.78605144,,
ASSAULT,AGGRAVATED ASSAULT WITH A DEADLY WEAPON,Friday,RICHMOND,"ARREST, BOOKED",0 Block of MASONIC AV,-122.447335,37.78248696,,
ASSAULT,AGGRAVATED ASSAULT WITH A DEADLY WEAPON,Friday,RICHMOND,"ARREST, CITED",2900 Block of GEARY BL,-122.4506453,37.78217755,,
